Department,AttritionRate,Count
Human Resources,0.19047619047619047,63
Research & Development,0.1383975026014568,961
Sales,0.2062780269058296,446
